{"uid":"b1a8273437954620fa374b796ffaacdd","children":[{"name":"initializationError","uid":"cdf8715c678e70d3","parentUid":"b1a8273437954620fa374b796ffaacdd","status":"broken","time":{"start":1709541097283,"stop":1709541097308,"duration":25},"flaky":false,"newFailed":false,"newPassed":false,"newBroken":false,"retriesCount":5,"retriesStatusChange":false,"parameters":[],"tags":[]},{"name":"Внутренние страницы приложения","children":[{"name":"О приложении","children":[{"name":"Переход на экран О Приложении","children":[{"name":"goToAboutPageFromMainTest","uid":"9f7e03774ecaba22","parentUid":"7f7e426e46fb3bb676acc312428f31d0","status":"passed","time":{"start":1709670076440,"stop":1709670084355,"duration":7915},"flaky":false,"newFailed":false,"newPassed":false,"newBroken":false,"retriesCount":18,"retriesStatusChange":true,"parameters":[],"tags":[]},{"name":"goToAboutPageFromNewsTest","uid":"cff6d4d8203fbe63","parentUid":"7f7e426e46fb3bb676acc312428f31d0","status":"broken","time":{"start":1709670085624,"stop":1709670098143,"duration":12519},"flaky":false,"newFailed":false,"newPassed":false,"newBroken":false,"retriesCount":10,"retriesStatusChange":true,"parameters":[],"tags":[]}],"uid":"7f7e426e46fb3bb676acc312428f31d0"}],"uid":"4369de37f0a6375fba18001bf6f26903"},{"name":"Цитаты","children":[{"name":"Переход на экран Цитаты","children":[{"name":"goToAboutPageTest","uid":"7a708ae47718380b","parentUid":"69de84e10f7da8610e6bcda41b9076c7","status":"passed","time":{"start":1709670139300,"stop":1709670152134,"duration":12834},"flaky":false,"newFailed":false,"newPassed":false,"newBroken":false,"retriesCount":9,"retriesStatusChange":true,"parameters":[],"tags":[]}],"uid":"69de84e10f7da8610e6bcda41b9076c7"}],"uid":"41fa0cdbcf99f6650398e882b05fd150"},{"name":"Новости","children":[{"name":"Работа с новостями","children":[{"name":"goToNewsPageTest","uid":"7cfdfe602871f2e3","parentUid":"359d4e5db96f9f652df9eea23cc56535","status":"passed","time":{"start":1709670152207,"stop":1709670157656,"duration":5449},"flaky":false,"newFailed":false,"newPassed":false,"newBroken":false,"retriesCount":9,"retriesStatusChange":true,"parameters":[],"tags":[]},{"name":"checkNewsDescriptionVisibleTest","uid":"7584f995e6b30cb7","parentUid":"359d4e5db96f9f652df9eea23cc56535","status":"passed","time":{"start":1709670157699,"stop":1709670167325,"duration":9626},"flaky":false,"newFailed":false,"newPassed":false,"newBroken":false,"retriesCount":9,"retriesStatusChange":true,"parameters":[],"tags":[]},{"name":"goToNewsPageByAllNewsTest","uid":"3d40aea9389c2df1","parentUid":"359d4e5db96f9f652df9eea23cc56535","status":"passed","time":{"start":1709670167394,"stop":1709670171574,"duration":4180},"flaky":false,"newFailed":false,"newPassed":false,"newBroken":false,"retriesCount":6,"retriesStatusChange":true,"parameters":[],"tags":[]},{"name":"addNewsTest","uid":"fc7ba48fdacc51e2","parentUid":"359d4e5db96f9f652df9eea23cc56535","status":"passed","time":{"start":1709670171637,"stop":1709670182100,"duration":10463},"flaky":false,"newFailed":false,"newPassed":false,"newBroken":false,"retriesCount":15,"retriesStatusChange":true,"parameters":[],"tags":[]}],"uid":"359d4e5db96f9f652df9eea23cc56535"}],"uid":"3c45fb2c25df5f9c6b6f5fe6399cb19a"}],"uid":"09a5a768418ea07a0e7b041c16d407ea"},{"name":"Авторизация","children":[{"name":"Вход в систему","children":[{"name":"Вход с неверным паролем","children":[{"name":"appLoginTestIncorrectPassword","uid":"563dc81161dbbb33","parentUid":"b5de41267c0c89e7d1089d82329846ad","status":"passed","time":{"start":1709670098192,"stop":1709670115091,"duration":16899},"flaky":false,"newFailed":false,"newPassed":false,"newBroken":false,"retriesCount":16,"retriesStatusChange":true,"parameters":[],"tags":[]}],"uid":"b5de41267c0c89e7d1089d82329846ad"},{"name":"Вход с пустыми логином и паролем","children":[{"name":"appLoginTestEmptyLoginAndPassword","uid":"398df451aafaf465","parentUid":"0ac97edbf74152034ccdcace1e2c8f09","status":"passed","time":{"start":1709670115202,"stop":1709670121141,"duration":5939},"flaky":false,"newFailed":false,"newPassed":false,"newBroken":false,"retriesCount":1,"retriesStatusChange":false,"parameters":[],"tags":[]}],"uid":"0ac97edbf74152034ccdcace1e2c8f09"},{"name":"Вход с корректными данными","children":[{"name":"appLoginTestSuccess","uid":"ec1998658f5cec6e","parentUid":"a155f5168b142a75b2e36626738cd138","status":"passed","time":{"start":1709670121214,"stop":1709670125853,"duration":4639},"flaky":false,"newFailed":false,"newPassed":false,"newBroken":false,"retriesCount":11,"retriesStatusChange":true,"parameters":[],"tags":[]}],"uid":"a155f5168b142a75b2e36626738cd138"},{"name":"Вход с неверным логином и паролем","children":[{"name":"appLoginTestIncorrectLoginAndPassword","uid":"bce4f5797d6164ef","parentUid":"d9c996c7b61c6ca863277d8a07d6e9ad","status":"passed","time":{"start":1709670125920,"stop":1709670139240,"duration":13320},"flaky":false,"newFailed":false,"newPassed":false,"newBroken":false,"retriesCount":2,"retriesStatusChange":false,"parameters":[],"tags":[]}],"uid":"d9c996c7b61c6ca863277d8a07d6e9ad"}],"uid":"9df6acdb7d6980883b9e2215621fb0b3"}],"uid":"1c9c6c8eeff4f5d0ac53e399badbc609"}],"name":"behaviors"}