"Epic","Feature","Story","FAILED","BROKEN","PASSED","SKIPPED","UNKNOWN"
"Внутренние страницы приложения","О приложении","Переход на экран О Приложении","0","1","1","0","0"
"Внутренние страницы приложения","Новости","Работа с новостями","0","0","4","0","0"
"Авторизация","Вход в систему","Вход с пустыми логином и паролем","0","0","1","0","0"
"Авторизация","Вход в систему","Вход с неверным паролем","0","0","1","0","0"
"Авторизация","Вход в систему","Вход с корректными данными","0","0","1","0","0"
"Внутренние страницы приложения","Цитаты","Переход на экран Цитаты","0","0","1","0","0"
"","","","0","1","0","0","0"
"Авторизация","Вход в систему","Вход с неверным логином и паролем","0","0","1","0","0"
