{"uid":"4b4757e66a1912dae1a509f688f20b0f","children":[{"name":"Test defects","children":[{"name":"Failed to instantiate test runner class androidx.test.internal.runner.junit4.AndroidJUnit4ClassRunner\n\n","children":[{"name":"initializationError","uid":"cdf8715c678e70d3","parentUid":"5a6c1ccb7522a2bcd1ccfa8ea267a580","status":"broken","time":{"start":1709541097283,"stop":1709541097308,"duration":25},"flaky":false,"newFailed":false,"newPassed":false,"newBroken":false,"retriesCount":5,"retriesStatusChange":false,"parameters":[],"tags":[]}],"uid":"5a6c1ccb7522a2bcd1ccfa8ea267a580"},{"name":"Error performing 'wait for a specific view with id <2131230741> has been displayed during 6000 millis.' on view 'Animations or transitions are enabled on the target device.\nFor more info check: https://developer.android.com/training/testing/espresso/setup#set-up-environment\n\nview.getRootView() to equal view'.","children":[{"name":"goToAboutPageFromNewsTest","uid":"cff6d4d8203fbe63","parentUid":"767544fbbd26873cfad789111d8c56d1","status":"broken","time":{"start":1709670085624,"stop":1709670098143,"duration":12519},"flaky":false,"newFailed":false,"newPassed":false,"newBroken":false,"retriesCount":10,"retriesStatusChange":true,"parameters":[],"tags":[]}],"uid":"767544fbbd26873cfad789111d8c56d1"}],"uid":"bdbf199525818fae7a8651db9eafe741"}],"name":"categories"}