"Status","Start Time","Stop Time","Duration in ms","Parent Suite","Suite","Sub Suite","Test Class","Test Method","Name","Description"
"broken","Tue Mar 05 23:21:25 MSK 2024","Tue Mar 05 23:21:38 MSK 2024","12519","","ru.iteco.fmhandroid.test.AboutTest","","ru.iteco.fmhandroid.test.AboutTest","goToAboutPageFromNewsTest","goToAboutPageFromNewsTest","Переход на экран О Приложении с экрана News"
"passed","Tue Mar 05 23:22:32 MSK 2024","Tue Mar 05 23:22:37 MSK 2024","5449","","ru.iteco.fmhandroid.test.NewsTest","","ru.iteco.fmhandroid.test.NewsTest","goToNewsPageTest","goToNewsPageTest","Переход на экран с новостями"
"passed","Tue Mar 05 23:21:55 MSK 2024","Tue Mar 05 23:22:01 MSK 2024","5939","","ru.iteco.fmhandroid.test.LoginTest","","ru.iteco.fmhandroid.test.LoginTest","appLoginTestEmptyLoginAndPassword","appLoginTestEmptyLoginAndPassword","Проверка возможности входа в систему с пустыми логином и паролем"
"passed","Tue Mar 05 23:21:38 MSK 2024","Tue Mar 05 23:21:55 MSK 2024","16899","","ru.iteco.fmhandroid.test.LoginTest","","ru.iteco.fmhandroid.test.LoginTest","appLoginTestIncorrectPassword","appLoginTestIncorrectPassword","Проверка возможности входа в систему с некорректным паролем"
"passed","Tue Mar 05 23:22:01 MSK 2024","Tue Mar 05 23:22:05 MSK 2024","4639","","ru.iteco.fmhandroid.test.LoginTest","","ru.iteco.fmhandroid.test.LoginTest","appLoginTestSuccess","appLoginTestSuccess","Проверка возможности входа в систему с корректными учетными данными"
"passed","Tue Mar 05 23:22:51 MSK 2024","Tue Mar 05 23:23:02 MSK 2024","10463","","ru.iteco.fmhandroid.test.NewsTest","","ru.iteco.fmhandroid.test.NewsTest","addNewsTest","addNewsTest","Добавление новости"
"passed","Tue Mar 05 23:22:19 MSK 2024","Tue Mar 05 23:22:32 MSK 2024","12834","","ru.iteco.fmhandroid.test.MissionTest","","ru.iteco.fmhandroid.test.MissionTest","goToAboutPageTest","goToAboutPageTest","Переход на экран Цитаты с экрана Main"
"passed","Tue Mar 05 23:22:37 MSK 2024","Tue Mar 05 23:22:47 MSK 2024","9626","","ru.iteco.fmhandroid.test.NewsTest","","ru.iteco.fmhandroid.test.NewsTest","checkNewsDescriptionVisibleTest","checkNewsDescriptionVisibleTest","Отображение расширенного описания новости"
"passed","Tue Mar 05 23:21:16 MSK 2024","Tue Mar 05 23:21:24 MSK 2024","7915","","ru.iteco.fmhandroid.test.AboutTest","","ru.iteco.fmhandroid.test.AboutTest","goToAboutPageFromMainTest","goToAboutPageFromMainTest","Переход на экран О Приложении с экрана Main"
"broken","Mon Mar 04 11:31:37 MSK 2024","Mon Mar 04 11:31:37 MSK 2024","25","","ru.iteco.fmhandroid.test.BaseTest","","ru.iteco.fmhandroid.test.BaseTest","initializationError","initializationError",""
"passed","Tue Mar 05 23:22:05 MSK 2024","Tue Mar 05 23:22:19 MSK 2024","13320","","ru.iteco.fmhandroid.test.LoginTest","","ru.iteco.fmhandroid.test.LoginTest","appLoginTestIncorrectLoginAndPassword","appLoginTestIncorrectLoginAndPassword","Проверка возможности входа в систему с некорректным логином и паролем"
"passed","Tue Mar 05 23:22:47 MSK 2024","Tue Mar 05 23:22:51 MSK 2024","4180","","ru.iteco.fmhandroid.test.NewsTest","","ru.iteco.fmhandroid.test.NewsTest","goToNewsPageByAllNewsTest","goToNewsPageByAllNewsTest","Переход на экран с новостями по тапу на all news"
