{"uid":"98d3104e051c652961429bf95fa0b5d6","children":[{"name":"ru.iteco.fmhandroid.test.BaseTest","children":[{"name":"initializationError","uid":"cdf8715c678e70d3","parentUid":"2269f444be8071454596becfe0c3c0d6","status":"broken","time":{"start":1709541097283,"stop":1709541097308,"duration":25},"flaky":false,"newFailed":false,"newPassed":false,"newBroken":false,"retriesCount":5,"retriesStatusChange":false,"parameters":[],"tags":[]}],"uid":"2269f444be8071454596becfe0c3c0d6"},{"name":"ru.iteco.fmhandroid.test.AboutTest","children":[{"name":"goToAboutPageFromMainTest","uid":"9f7e03774ecaba22","parentUid":"109949f2acb52150ec659dd371c1cc4e","status":"passed","time":{"start":1709670076440,"stop":1709670084355,"duration":7915},"flaky":false,"newFailed":false,"newPassed":false,"newBroken":false,"retriesCount":18,"retriesStatusChange":true,"parameters":[],"tags":[]},{"name":"goToAboutPageFromNewsTest","uid":"cff6d4d8203fbe63","parentUid":"109949f2acb52150ec659dd371c1cc4e","status":"broken","time":{"start":1709670085624,"stop":1709670098143,"duration":12519},"flaky":false,"newFailed":false,"newPassed":false,"newBroken":false,"retriesCount":10,"retriesStatusChange":true,"parameters":[],"tags":[]}],"uid":"109949f2acb52150ec659dd371c1cc4e"},{"name":"ru.iteco.fmhandroid.test.LoginTest","children":[{"name":"appLoginTestIncorrectPassword","uid":"563dc81161dbbb33","parentUid":"9bc741a187af8cef78bf4e2fb400ace0","status":"passed","time":{"start":1709670098192,"stop":1709670115091,"duration":16899},"flaky":false,"newFailed":false,"newPassed":false,"newBroken":false,"retriesCount":16,"retriesStatusChange":true,"parameters":[],"tags":[]},{"name":"appLoginTestEmptyLoginAndPassword","uid":"398df451aafaf465","parentUid":"9bc741a187af8cef78bf4e2fb400ace0","status":"passed","time":{"start":1709670115202,"stop":1709670121141,"duration":5939},"flaky":false,"newFailed":false,"newPassed":false,"newBroken":false,"retriesCount":1,"retriesStatusChange":false,"parameters":[],"tags":[]},{"name":"appLoginTestSuccess","uid":"ec1998658f5cec6e","parentUid":"9bc741a187af8cef78bf4e2fb400ace0","status":"passed","time":{"start":1709670121214,"stop":1709670125853,"duration":4639},"flaky":false,"newFailed":false,"newPassed":false,"newBroken":false,"retriesCount":11,"retriesStatusChange":true,"parameters":[],"tags":[]},{"name":"appLoginTestIncorrectLoginAndPassword","uid":"bce4f5797d6164ef","parentUid":"9bc741a187af8cef78bf4e2fb400ace0","status":"passed","time":{"start":1709670125920,"stop":1709670139240,"duration":13320},"flaky":false,"newFailed":false,"newPassed":false,"newBroken":false,"retriesCount":2,"retriesStatusChange":false,"parameters":[],"tags":[]}],"uid":"9bc741a187af8cef78bf4e2fb400ace0"},{"name":"ru.iteco.fmhandroid.test.MissionTest","children":[{"name":"goToAboutPageTest","uid":"7a708ae47718380b","parentUid":"99ee7704031da3b9aa82b886a0103196","status":"passed","time":{"start":1709670139300,"stop":1709670152134,"duration":12834},"flaky":false,"newFailed":false,"newPassed":false,"newBroken":false,"retriesCount":9,"retriesStatusChange":true,"parameters":[],"tags":[]}],"uid":"99ee7704031da3b9aa82b886a0103196"},{"name":"ru.iteco.fmhandroid.test.NewsTest","children":[{"name":"goToNewsPageTest","uid":"7cfdfe602871f2e3","parentUid":"051524f1ad9dd7ecb0014b0c6dfe84ad","status":"passed","time":{"start":1709670152207,"stop":1709670157656,"duration":5449},"flaky":false,"newFailed":false,"newPassed":false,"newBroken":false,"retriesCount":9,"retriesStatusChange":true,"parameters":[],"tags":[]},{"name":"checkNewsDescriptionVisibleTest","uid":"7584f995e6b30cb7","parentUid":"051524f1ad9dd7ecb0014b0c6dfe84ad","status":"passed","time":{"start":1709670157699,"stop":1709670167325,"duration":9626},"flaky":false,"newFailed":false,"newPassed":false,"newBroken":false,"retriesCount":9,"retriesStatusChange":true,"parameters":[],"tags":[]},{"name":"goToNewsPageByAllNewsTest","uid":"3d40aea9389c2df1","parentUid":"051524f1ad9dd7ecb0014b0c6dfe84ad","status":"passed","time":{"start":1709670167394,"stop":1709670171574,"duration":4180},"flaky":false,"newFailed":false,"newPassed":false,"newBroken":false,"retriesCount":6,"retriesStatusChange":true,"parameters":[],"tags":[]},{"name":"addNewsTest","uid":"fc7ba48fdacc51e2","parentUid":"051524f1ad9dd7ecb0014b0c6dfe84ad","status":"passed","time":{"start":1709670171637,"stop":1709670182100,"duration":10463},"flaky":false,"newFailed":false,"newPassed":false,"newBroken":false,"retriesCount":15,"retriesStatusChange":true,"parameters":[],"tags":[]}],"uid":"051524f1ad9dd7ecb0014b0c6dfe84ad"}],"name":"suites"}