{"uid":"ab17fc5a4eb3bca4b216b548c7f9fcbc","children":[{"name":"localhost","children":[{"name":"Instr: io.qameta.allure.android.runners.AllureAndroidJUnitRunner(807)","children":[{"name":"goToAboutPageFromMainTest","uid":"af859bf4ff9354a2","parentUid":"ef417e559c6ad40e06e75eded92ea0b2","status":"broken","time":{"start":1709533673200,"stop":1709533697326,"duration":24126},"flaky":false,"newFailed":false,"newPassed":false,"newBroken":false,"retriesCount":0,"retriesStatusChange":false,"parameters":[],"tags":[]}],"uid":"ef417e559c6ad40e06e75eded92ea0b2"},{"name":"Instr: io.qameta.allure.android.runners.AllureAndroidJUnitRunner(1022)","children":[{"name":"goToAboutPageTest","uid":"8e5988fb611ca66c","parentUid":"95a5385d1d5000e881fed15fd46c52a9","status":"passed","time":{"start":1709539550712,"stop":1709539555566,"duration":4854},"flaky":false,"newFailed":false,"newPassed":false,"newBroken":false,"retriesCount":0,"retriesStatusChange":false,"parameters":[],"tags":[]},{"name":"goToNewsPageTest","uid":"ad5608fb94aca878","parentUid":"95a5385d1d5000e881fed15fd46c52a9","status":"passed","time":{"start":1709539555676,"stop":1709539561363,"duration":5687},"flaky":false,"newFailed":false,"newPassed":false,"newBroken":false,"retriesCount":0,"retriesStatusChange":false,"parameters":[],"tags":[]},{"name":"initializationError","uid":"2e59934243d2da17","parentUid":"95a5385d1d5000e881fed15fd46c52a9","status":"broken","time":{"start":1709539543004,"stop":1709539543022,"duration":18},"flaky":false,"newFailed":false,"newPassed":false,"newBroken":false,"retriesCount":0,"retriesStatusChange":false,"parameters":[],"tags":[]},{"name":"goToAboutPageFromMainTest","uid":"ec401d5f5f924991","parentUid":"95a5385d1d5000e881fed15fd46c52a9","status":"passed","time":{"start":1709539522512,"stop":1709539530183,"duration":7671},"flaky":false,"newFailed":false,"newPassed":false,"newBroken":false,"retriesCount":0,"retriesStatusChange":false,"parameters":[],"tags":[]},{"name":"goToAboutPageFromNewsTest","uid":"3da3149f5590c2e7","parentUid":"95a5385d1d5000e881fed15fd46c52a9","status":"broken","time":{"start":1709539530513,"stop":1709539542972,"duration":12459},"flaky":false,"newFailed":false,"newPassed":false,"newBroken":false,"retriesCount":0,"retriesStatusChange":false,"parameters":[],"tags":[]},{"name":"addNewsTest","uid":"c9a487770212a25e","parentUid":"95a5385d1d5000e881fed15fd46c52a9","status":"passed","time":{"start":1709539561464,"stop":1709539568922,"duration":7458},"flaky":false,"newFailed":false,"newPassed":false,"newBroken":false,"retriesCount":0,"retriesStatusChange":false,"parameters":[],"tags":[]},{"name":"appLoginTestSuccess","uid":"a961ad943bc37006","parentUid":"95a5385d1d5000e881fed15fd46c52a9","status":"passed","time":{"start":1709539543081,"stop":1709539550626,"duration":7545},"flaky":false,"newFailed":false,"newPassed":false,"newBroken":false,"retriesCount":0,"retriesStatusChange":false,"parameters":[],"tags":[]}],"uid":"95a5385d1d5000e881fed15fd46c52a9"},{"name":"Instr: io.qameta.allure.android.runners.AllureAndroidJUnitRunner(1452)","children":[{"name":"goToNewsPageTest","uid":"e2436956addfabb9","parentUid":"111d923ba6f39a965be966ff5a10fa15","status":"passed","time":{"start":1708355801880,"stop":1708355808519,"duration":6639},"flaky":false,"newFailed":false,"newPassed":false,"newBroken":false,"retriesCount":0,"retriesStatusChange":false,"parameters":[],"tags":[]},{"name":"addNewsTest","uid":"e11ba2589a736c4b","parentUid":"111d923ba6f39a965be966ff5a10fa15","status":"passed","time":{"start":1708355808706,"stop":1708355817592,"duration":8886},"flaky":false,"newFailed":false,"newPassed":false,"newBroken":false,"retriesCount":0,"retriesStatusChange":false,"parameters":[],"tags":[]},{"name":"appLoginTestIncorrectPassword","uid":"5519afa3d60e5805","parentUid":"111d923ba6f39a965be966ff5a10fa15","status":"passed","time":{"start":1709548370319,"stop":1709548378809,"duration":8490},"flaky":false,"newFailed":false,"newPassed":false,"newBroken":false,"retriesCount":0,"retriesStatusChange":false,"parameters":[],"tags":[]},{"name":"goToAboutPageTest","uid":"2219279385dd65e7","parentUid":"111d923ba6f39a965be966ff5a10fa15","status":"passed","time":{"start":1708355795885,"stop":1708355801791,"duration":5906},"flaky":false,"newFailed":false,"newPassed":false,"newBroken":false,"retriesCount":0,"retriesStatusChange":false,"parameters":[],"tags":[]},{"name":"appLoginTestSuccess","uid":"b66c758d3ca46b10","parentUid":"111d923ba6f39a965be966ff5a10fa15","status":"broken","time":{"start":1708355788134,"stop":1708355795800,"duration":7666},"flaky":false,"newFailed":false,"newPassed":false,"newBroken":false,"retriesCount":0,"retriesStatusChange":false,"parameters":[],"tags":[]},{"name":"goToAboutPageFromNewsTest","uid":"7de99eeb0770807c","parentUid":"111d923ba6f39a965be966ff5a10fa15","status":"broken","time":{"start":1708355773135,"stop":1708355788040,"duration":14905},"flaky":false,"newFailed":false,"newPassed":false,"newBroken":false,"retriesCount":0,"retriesStatusChange":false,"parameters":[],"tags":[]},{"name":"goToAboutPageFromMainTest","uid":"b62d9e8959a1cbea","parentUid":"111d923ba6f39a965be966ff5a10fa15","status":"passed","time":{"start":1708355759353,"stop":1708355773052,"duration":13699},"flaky":false,"newFailed":false,"newPassed":false,"newBroken":false,"retriesCount":0,"retriesStatusChange":false,"parameters":[],"tags":[]}],"uid":"111d923ba6f39a965be966ff5a10fa15"},{"name":"Instr: io.qameta.allure.android.runners.AllureAndroidJUnitRunner(1382)","children":[{"name":"appLoginTestIncorrectPassword","uid":"dec61a8de973aaf9","parentUid":"03646e697eeb1a928801d7d73841890d","status":"broken","time":{"start":1709545831604,"stop":1709545840602,"duration":8998},"flaky":false,"newFailed":false,"newPassed":false,"newBroken":false,"retriesCount":0,"retriesStatusChange":false,"parameters":[],"tags":[]}],"uid":"03646e697eeb1a928801d7d73841890d"},{"name":"Instr: io.qameta.allure.android.runners.AllureAndroidJUnitRunner(1187)","children":[{"name":"addNewsTest","uid":"f6cc841e3f1b9789","parentUid":"0cbd02bfa6e6c550dc27ce4e4d16a05f","status":"broken","time":{"start":1709542024985,"stop":1709542043975,"duration":18990},"flaky":false,"newFailed":false,"newPassed":false,"newBroken":false,"retriesCount":0,"retriesStatusChange":false,"parameters":[],"tags":[]},{"name":"checkNewsDescriptionVisibleTest","uid":"2d28248db7a8055a","parentUid":"0cbd02bfa6e6c550dc27ce4e4d16a05f","status":"broken","time":{"start":1709669832792,"stop":1709669848616,"duration":15824},"flaky":false,"newFailed":false,"newPassed":false,"newBroken":false,"retriesCount":0,"retriesStatusChange":false,"parameters":[],"tags":[]}],"uid":"0cbd02bfa6e6c550dc27ce4e4d16a05f"},{"name":"Instr: io.qameta.allure.android.runners.AllureAndroidJUnitRunner(1547)","children":[{"name":"addNewsTest","uid":"5e41f6f7d71afa94","parentUid":"6a685b8387e4d951fbc6e2bf68adc233","status":"passed","time":{"start":1708357250387,"stop":1708357260107,"duration":9720},"flaky":false,"newFailed":false,"newPassed":false,"newBroken":false,"retriesCount":0,"retriesStatusChange":false,"parameters":[],"tags":[]},{"name":"goToAboutPageTest","uid":"62d1ad0a0faeecf8","parentUid":"6a685b8387e4d951fbc6e2bf68adc233","status":"passed","time":{"start":1708357236664,"stop":1708357242963,"duration":6299},"flaky":false,"newFailed":false,"newPassed":false,"newBroken":false,"retriesCount":0,"retriesStatusChange":false,"parameters":[],"tags":[]},{"name":"appLoginTestSuccess","uid":"e644a4b9ac065a04","parentUid":"6a685b8387e4d951fbc6e2bf68adc233","status":"broken","time":{"start":1708357228647,"stop":1708357236593,"duration":7946},"flaky":false,"newFailed":false,"newPassed":false,"newBroken":false,"retriesCount":0,"retriesStatusChange":false,"parameters":[],"tags":[]},{"name":"initializationError","uid":"c4132bd0c31b8b1","parentUid":"6a685b8387e4d951fbc6e2bf68adc233","status":"broken","time":{"start":1708357228574,"stop":1708357228582,"duration":8},"flaky":false,"newFailed":false,"newPassed":false,"newBroken":false,"retriesCount":0,"retriesStatusChange":false,"parameters":[],"tags":[]},{"name":"goToAboutPageFromNewsTest","uid":"72bef15b41a1d958","parentUid":"6a685b8387e4d951fbc6e2bf68adc233","status":"broken","time":{"start":1708357212909,"stop":1708357228517,"duration":15608},"flaky":false,"newFailed":false,"newPassed":false,"newBroken":false,"retriesCount":0,"retriesStatusChange":false,"parameters":[],"tags":[]},{"name":"goToAboutPageFromMainTest","uid":"610b5e61b332622f","parentUid":"6a685b8387e4d951fbc6e2bf68adc233","status":"passed","time":{"start":1708357201181,"stop":1708357212755,"duration":11574},"flaky":false,"newFailed":false,"newPassed":false,"newBroken":false,"retriesCount":0,"retriesStatusChange":false,"parameters":[],"tags":[]},{"name":"goToNewsPageTest","uid":"d62d6ab5c64cbfff","parentUid":"6a685b8387e4d951fbc6e2bf68adc233","status":"passed","time":{"start":1708357243019,"stop":1708357250335,"duration":7316},"flaky":false,"newFailed":false,"newPassed":false,"newBroken":false,"retriesCount":0,"retriesStatusChange":false,"parameters":[],"tags":[]}],"uid":"6a685b8387e4d951fbc6e2bf68adc233"},{"name":"Instr: io.qameta.allure.android.runners.AllureAndroidJUnitRunner(1202)","children":[{"name":"addNewsTest","uid":"bbe82be5e529a26d","parentUid":"57764c4035402366a504c524be6e00af","status":"passed","time":{"start":1709542099176,"stop":1709542113005,"duration":13829},"flaky":false,"newFailed":false,"newPassed":false,"newBroken":false,"retriesCount":0,"retriesStatusChange":false,"parameters":[],"tags":[]},{"name":"checkNewsDescriptionVisibleTest","uid":"80e8b19eea352794","parentUid":"57764c4035402366a504c524be6e00af","status":"passed","time":{"start":1709669885673,"stop":1709669898220,"duration":12547},"flaky":false,"newFailed":false,"newPassed":false,"newBroken":false,"retriesCount":0,"retriesStatusChange":false,"parameters":[],"tags":[]}],"uid":"57764c4035402366a504c524be6e00af"},{"name":"Instr: io.qameta.allure.android.runners.AllureAndroidJUnitRunner(1117)","children":[{"name":"goToAboutPageFromMainTest","uid":"8dca8dd9c3caf20c","parentUid":"fac0efbd1db48c7a67613dcd40fd58c6","status":"passed","time":{"start":1709541199288,"stop":1709541208188,"duration":8900},"flaky":false,"newFailed":false,"newPassed":false,"newBroken":false,"retriesCount":0,"retriesStatusChange":false,"parameters":[],"tags":[]},{"name":"addNewsTest","uid":"e5dc827d7c755f91","parentUid":"fac0efbd1db48c7a67613dcd40fd58c6","status":"passed","time":{"start":1709541239108,"stop":1709541247010,"duration":7902},"flaky":false,"newFailed":false,"newPassed":false,"newBroken":false,"retriesCount":0,"retriesStatusChange":false,"parameters":[],"tags":[]},{"name":"goToAboutPageTest","uid":"803a23c1acd80614","parentUid":"fac0efbd1db48c7a67613dcd40fd58c6","status":"passed","time":{"start":1709541228340,"stop":1709541232629,"duration":4289},"flaky":false,"newFailed":false,"newPassed":false,"newBroken":false,"retriesCount":0,"retriesStatusChange":false,"parameters":[],"tags":[]},{"name":"checkNewsDescriptionVisibleTest","uid":"ef80716baa4980b","parentUid":"fac0efbd1db48c7a67613dcd40fd58c6","status":"broken","time":{"start":1709669195408,"stop":1709669203866,"duration":8458},"flaky":false,"newFailed":false,"newPassed":false,"newBroken":false,"retriesCount":0,"retriesStatusChange":false,"parameters":[],"tags":[]},{"name":"goToAboutPageFromNewsTest","uid":"d8998d23f9ada7c1","parentUid":"fac0efbd1db48c7a67613dcd40fd58c6","status":"broken","time":{"start":1709541208555,"stop":1709541221330,"duration":12775},"flaky":false,"newFailed":false,"newPassed":false,"newBroken":false,"retriesCount":0,"retriesStatusChange":false,"parameters":[],"tags":[]},{"name":"goToNewsPageTest","uid":"69a93901934f8238","parentUid":"fac0efbd1db48c7a67613dcd40fd58c6","status":"passed","time":{"start":1709541232762,"stop":1709541239062,"duration":6300},"flaky":false,"newFailed":false,"newPassed":false,"newBroken":false,"retriesCount":0,"retriesStatusChange":false,"parameters":[],"tags":[]},{"name":"appLoginTestSuccess","uid":"da887c9d36eaf305","parentUid":"fac0efbd1db48c7a67613dcd40fd58c6","status":"passed","time":{"start":1709541221377,"stop":1709541228288,"duration":6911},"flaky":false,"newFailed":false,"newPassed":false,"newBroken":false,"retriesCount":0,"retriesStatusChange":false,"parameters":[],"tags":[]}],"uid":"fac0efbd1db48c7a67613dcd40fd58c6"},{"name":"Instr: io.qameta.allure.android.runners.AllureAndroidJUnitRunner(1322)","children":[{"name":"appLoginTestIncorrectPassword","uid":"6430fd3eb6b38350","parentUid":"e6b3083c5c7b3fca1d0031ff882a7646","status":"failed","time":{"start":1709545565727,"stop":1709545579114,"duration":13387},"flaky":false,"newFailed":false,"newPassed":false,"newBroken":false,"retriesCount":0,"retriesStatusChange":false,"parameters":[],"tags":[]}],"uid":"e6b3083c5c7b3fca1d0031ff882a7646"},{"name":"Instr: io.qameta.allure.android.runners.AllureAndroidJUnitRunner(1217)","children":[{"name":"goToAboutPageFromNewsTest","uid":"cff6d4d8203fbe63","parentUid":"112b0846a6db2ce0332f510d048ab661","status":"broken","time":{"start":1709670085624,"stop":1709670098143,"duration":12519},"flaky":false,"newFailed":false,"newPassed":false,"newBroken":false,"retriesCount":10,"retriesStatusChange":true,"parameters":[],"tags":[]},{"name":"goToNewsPageByAllNewsTest","uid":"3d40aea9389c2df1","parentUid":"112b0846a6db2ce0332f510d048ab661","status":"passed","time":{"start":1709670167394,"stop":1709670171574,"duration":4180},"flaky":false,"newFailed":false,"newPassed":false,"newBroken":false,"retriesCount":6,"retriesStatusChange":true,"parameters":[],"tags":[]},{"name":"appLoginTestIncorrectPassword","uid":"563dc81161dbbb33","parentUid":"112b0846a6db2ce0332f510d048ab661","status":"passed","time":{"start":1709670098192,"stop":1709670115091,"duration":16899},"flaky":false,"newFailed":false,"newPassed":false,"newBroken":false,"retriesCount":16,"retriesStatusChange":true,"parameters":[],"tags":[]},{"name":"goToAboutPageTest","uid":"7a708ae47718380b","parentUid":"112b0846a6db2ce0332f510d048ab661","status":"passed","time":{"start":1709670139300,"stop":1709670152134,"duration":12834},"flaky":false,"newFailed":false,"newPassed":false,"newBroken":false,"retriesCount":9,"retriesStatusChange":true,"parameters":[],"tags":[]},{"name":"goToNewsPageTest","uid":"7cfdfe602871f2e3","parentUid":"112b0846a6db2ce0332f510d048ab661","status":"passed","time":{"start":1709670152207,"stop":1709670157656,"duration":5449},"flaky":false,"newFailed":false,"newPassed":false,"newBroken":false,"retriesCount":9,"retriesStatusChange":true,"parameters":[],"tags":[]},{"name":"addNewsTest","uid":"fc7ba48fdacc51e2","parentUid":"112b0846a6db2ce0332f510d048ab661","status":"passed","time":{"start":1709670171637,"stop":1709670182100,"duration":10463},"flaky":false,"newFailed":false,"newPassed":false,"newBroken":false,"retriesCount":15,"retriesStatusChange":true,"parameters":[],"tags":[]},{"name":"appLoginTestSuccess","uid":"ec1998658f5cec6e","parentUid":"112b0846a6db2ce0332f510d048ab661","status":"passed","time":{"start":1709670121214,"stop":1709670125853,"duration":4639},"flaky":false,"newFailed":false,"newPassed":false,"newBroken":false,"retriesCount":11,"retriesStatusChange":true,"parameters":[],"tags":[]},{"name":"addNewsTest","uid":"945ee044dec9c2f1","parentUid":"112b0846a6db2ce0332f510d048ab661","status":"broken","time":{"start":1709542130036,"stop":1709542144922,"duration":14886},"flaky":false,"newFailed":false,"newPassed":false,"newBroken":false,"retriesCount":0,"retriesStatusChange":false,"parameters":[],"tags":[]},{"name":"appLoginTestIncorrectLoginAndPassword","uid":"bce4f5797d6164ef","parentUid":"112b0846a6db2ce0332f510d048ab661","status":"passed","time":{"start":1709670125920,"stop":1709670139240,"duration":13320},"flaky":false,"newFailed":false,"newPassed":false,"newBroken":false,"retriesCount":2,"retriesStatusChange":false,"parameters":[],"tags":[]},{"name":"goToAboutPageFromMainTest","uid":"9f7e03774ecaba22","parentUid":"112b0846a6db2ce0332f510d048ab661","status":"passed","time":{"start":1709670076440,"stop":1709670084355,"duration":7915},"flaky":false,"newFailed":false,"newPassed":false,"newBroken":false,"retriesCount":18,"retriesStatusChange":true,"parameters":[],"tags":[]},{"name":"checkNewsDescriptionVisibleTest","uid":"7584f995e6b30cb7","parentUid":"112b0846a6db2ce0332f510d048ab661","status":"passed","time":{"start":1709670157699,"stop":1709670167325,"duration":9626},"flaky":false,"newFailed":false,"newPassed":false,"newBroken":false,"retriesCount":9,"retriesStatusChange":true,"parameters":[],"tags":[]},{"name":"appLoginTestEmptyLoginAndPassword","uid":"398df451aafaf465","parentUid":"112b0846a6db2ce0332f510d048ab661","status":"passed","time":{"start":1709670115202,"stop":1709670121141,"duration":5939},"flaky":false,"newFailed":false,"newPassed":false,"newBroken":false,"retriesCount":1,"retriesStatusChange":false,"parameters":[],"tags":[]}],"uid":"112b0846a6db2ce0332f510d048ab661"},{"name":"Instr: io.qameta.allure.android.runners.AllureAndroidJUnitRunner(1167)","children":[{"name":"checkNewsDescriptionVisibleTest","uid":"38f734ecaf1bcf00","parentUid":"8b4722ecffe73644da04c7169056b6b7","status":"broken","time":{"start":1709669729889,"stop":1709669743740,"duration":13851},"flaky":false,"newFailed":false,"newPassed":false,"newBroken":false,"retriesCount":0,"retriesStatusChange":false,"parameters":[],"tags":[]},{"name":"addNewsTest","uid":"b6751913cf83624e","parentUid":"8b4722ecffe73644da04c7169056b6b7","status":"passed","time":{"start":1709541818577,"stop":1709541829857,"duration":11280},"flaky":false,"newFailed":false,"newPassed":false,"newBroken":false,"retriesCount":0,"retriesStatusChange":false,"parameters":[],"tags":[]}],"uid":"8b4722ecffe73644da04c7169056b6b7"},{"name":"Instr: io.qameta.allure.android.runners.AllureAndroidJUnitRunner(1002)","children":[{"name":"goToAboutPageFromMainTest","uid":"6a5f3791d9ba1f20","parentUid":"bb8df11b4dbb7e330c6c5427e16fd4a4","status":"passed","time":{"start":1709539147315,"stop":1709539155258,"duration":7943},"flaky":false,"newFailed":false,"newPassed":false,"newBroken":false,"retriesCount":0,"retriesStatusChange":false,"parameters":[],"tags":[]},{"name":"goToNewsPageTest","uid":"3ef2eece1ee7336c","parentUid":"bb8df11b4dbb7e330c6c5427e16fd4a4","status":"passed","time":{"start":1709539179994,"stop":1709539184606,"duration":4612},"flaky":false,"newFailed":false,"newPassed":false,"newBroken":false,"retriesCount":0,"retriesStatusChange":false,"parameters":[],"tags":[]},{"name":"initializationError","uid":"ca55e973aa9196fc","parentUid":"bb8df11b4dbb7e330c6c5427e16fd4a4","status":"broken","time":{"start":1709539169097,"stop":1709539169130,"duration":33},"flaky":false,"newFailed":false,"newPassed":false,"newBroken":false,"retriesCount":0,"retriesStatusChange":false,"parameters":[],"tags":[]},{"name":"goToAboutPageFromNewsTest","uid":"9970e6e8038d46ef","parentUid":"bb8df11b4dbb7e330c6c5427e16fd4a4","status":"broken","time":{"start":1709539156312,"stop":1709539169053,"duration":12741},"flaky":false,"newFailed":false,"newPassed":false,"newBroken":false,"retriesCount":0,"retriesStatusChange":false,"parameters":[],"tags":[]},{"name":"addNewsTest","uid":"27e91c3ec8d3e088","parentUid":"bb8df11b4dbb7e330c6c5427e16fd4a4","status":"passed","time":{"start":1709539184678,"stop":1709539192961,"duration":8283},"flaky":false,"newFailed":false,"newPassed":false,"newBroken":false,"retriesCount":0,"retriesStatusChange":false,"parameters":[],"tags":[]},{"name":"appLoginTestSuccess","uid":"9550375f8f7e14ee","parentUid":"bb8df11b4dbb7e330c6c5427e16fd4a4","status":"passed","time":{"start":1709539169230,"stop":1709539175071,"duration":5841},"flaky":false,"newFailed":false,"newPassed":false,"newBroken":false,"retriesCount":0,"retriesStatusChange":false,"parameters":[],"tags":[]},{"name":"goToAboutPageTest","uid":"314a0f38299fe21e","parentUid":"bb8df11b4dbb7e330c6c5427e16fd4a4","status":"passed","time":{"start":1709539175196,"stop":1709539179944,"duration":4748},"flaky":false,"newFailed":false,"newPassed":false,"newBroken":false,"retriesCount":0,"retriesStatusChange":false,"parameters":[],"tags":[]}],"uid":"bb8df11b4dbb7e330c6c5427e16fd4a4"},{"name":"Instr: io.qameta.allure.android.runners.AllureAndroidJUnitRunner(1467)","children":[{"name":"appLoginTestIncorrectPassword","uid":"c8d8d4aee27020ee","parentUid":"7a200e3aaed71b63f55ce5eb968a8f0f","status":"failed","time":{"start":1709548399517,"stop":1709548412880,"duration":13363},"flaky":false,"newFailed":false,"newPassed":false,"newBroken":false,"retriesCount":0,"retriesStatusChange":false,"parameters":[],"tags":[]}],"uid":"7a200e3aaed71b63f55ce5eb968a8f0f"},{"name":"Instr: io.qameta.allure.android.runners.AllureAndroidJUnitRunner(1097)","children":[{"name":"addNewsTest","uid":"f119258c7fe6067f","parentUid":"b204aa0b8d70b39bf64e4ecd8d0d76e4","status":"passed","time":{"start":1709541112234,"stop":1709541121073,"duration":8839},"flaky":false,"newFailed":false,"newPassed":false,"newBroken":false,"retriesCount":0,"retriesStatusChange":false,"parameters":[],"tags":[]},{"name":"goToAboutPageFromNewsTest","uid":"91c78e7c0e44d04d","parentUid":"b204aa0b8d70b39bf64e4ecd8d0d76e4","status":"broken","time":{"start":1709541083511,"stop":1709541097226,"duration":13715},"flaky":false,"newFailed":false,"newPassed":false,"newBroken":false,"retriesCount":0,"retriesStatusChange":false,"parameters":[],"tags":[]},{"name":"initializationError","uid":"cdf8715c678e70d3","parentUid":"b204aa0b8d70b39bf64e4ecd8d0d76e4","status":"broken","time":{"start":1709541097283,"stop":1709541097308,"duration":25},"flaky":false,"newFailed":false,"newPassed":false,"newBroken":false,"retriesCount":5,"retriesStatusChange":false,"parameters":[],"tags":[]},{"name":"goToAboutPageFromMainTest","uid":"a463e3ea0d76f5d1","parentUid":"b204aa0b8d70b39bf64e4ecd8d0d76e4","status":"passed","time":{"start":1709541074662,"stop":1709541083023,"duration":8361},"flaky":false,"newFailed":false,"newPassed":false,"newBroken":false,"retriesCount":0,"retriesStatusChange":false,"parameters":[],"tags":[]},{"name":"appLoginTestSuccess","uid":"3e82ec183118a223","parentUid":"b204aa0b8d70b39bf64e4ecd8d0d76e4","status":"passed","time":{"start":1709541097366,"stop":1709541103164,"duration":5798},"flaky":false,"newFailed":false,"newPassed":false,"newBroken":false,"retriesCount":0,"retriesStatusChange":false,"parameters":[],"tags":[]},{"name":"goToNewsPageTest","uid":"61eb8a2e6375a17a","parentUid":"b204aa0b8d70b39bf64e4ecd8d0d76e4","status":"passed","time":{"start":1709541107489,"stop":1709541112164,"duration":4675},"flaky":false,"newFailed":false,"newPassed":false,"newBroken":false,"retriesCount":0,"retriesStatusChange":false,"parameters":[],"tags":[]},{"name":"goToAboutPageTest","uid":"74c829463bff0f69","parentUid":"b204aa0b8d70b39bf64e4ecd8d0d76e4","status":"passed","time":{"start":1709541103226,"stop":1709541107422,"duration":4196},"flaky":false,"newFailed":false,"newPassed":false,"newBroken":false,"retriesCount":0,"retriesStatusChange":false,"parameters":[],"tags":[]}],"uid":"b204aa0b8d70b39bf64e4ecd8d0d76e4"},{"name":"Instr: io.qameta.allure.android.runners.AllureAndroidJUnitRunner(1672)","children":[{"name":"goToAboutPageTest","uid":"e3acccf357210062","parentUid":"294d16b1dc5bbcb52a9bc4df0259297e","status":"passed","time":{"start":1708438784811,"stop":1708438790931,"duration":6120},"flaky":false,"newFailed":false,"newPassed":false,"newBroken":false,"retriesCount":0,"retriesStatusChange":false,"parameters":[],"tags":[]},{"name":"goToAboutPageFromMainTest","uid":"8f4e22655f673373","parentUid":"294d16b1dc5bbcb52a9bc4df0259297e","status":"passed","time":{"start":1708438751459,"stop":1708438762966,"duration":11507},"flaky":false,"newFailed":false,"newPassed":false,"newBroken":false,"retriesCount":0,"retriesStatusChange":false,"parameters":[],"tags":[]},{"name":"initializationError","uid":"e0a9fb8662539fe","parentUid":"294d16b1dc5bbcb52a9bc4df0259297e","status":"broken","time":{"start":1708438776540,"stop":1708438776556,"duration":16},"flaky":false,"newFailed":false,"newPassed":false,"newBroken":false,"retriesCount":0,"retriesStatusChange":false,"parameters":[],"tags":[]},{"name":"appLoginTestSuccess","uid":"454c66ec1dd31f58","parentUid":"294d16b1dc5bbcb52a9bc4df0259297e","status":"broken","time":{"start":1708438776614,"stop":1708438784749,"duration":8135},"flaky":false,"newFailed":false,"newPassed":false,"newBroken":false,"retriesCount":0,"retriesStatusChange":false,"parameters":[],"tags":[]},{"name":"goToAboutPageFromNewsTest","uid":"7069ff0abd24dc8b","parentUid":"294d16b1dc5bbcb52a9bc4df0259297e","status":"broken","time":{"start":1708438763300,"stop":1708438776468,"duration":13168},"flaky":false,"newFailed":false,"newPassed":false,"newBroken":false,"retriesCount":0,"retriesStatusChange":false,"parameters":[],"tags":[]},{"name":"addNewsTest","uid":"c738f53e7bb76937","parentUid":"294d16b1dc5bbcb52a9bc4df0259297e","status":"passed","time":{"start":1708438797720,"stop":1708438806732,"duration":9012},"flaky":false,"newFailed":false,"newPassed":false,"newBroken":false,"retriesCount":0,"retriesStatusChange":false,"parameters":[],"tags":[]},{"name":"goToNewsPageTest","uid":"e97018a45be4e134","parentUid":"294d16b1dc5bbcb52a9bc4df0259297e","status":"passed","time":{"start":1708438791001,"stop":1708438797651,"duration":6650},"flaky":false,"newFailed":false,"newPassed":false,"newBroken":false,"retriesCount":0,"retriesStatusChange":false,"parameters":[],"tags":[]}],"uid":"294d16b1dc5bbcb52a9bc4df0259297e"},{"name":"Instr: io.qameta.allure.android.runners.AllureAndroidJUnitRunner(812)","children":[{"name":"goToNewsPageByAllNewsTest","uid":"8ea3f8a854d1be35","parentUid":"2ee967c1d3f9a0764138e84427bcabd6","status":"broken","time":{"start":1709582870099,"stop":1709582882528,"duration":12429},"flaky":false,"newFailed":false,"newPassed":false,"newBroken":false,"retriesCount":0,"retriesStatusChange":false,"parameters":[],"tags":[]}],"uid":"2ee967c1d3f9a0764138e84427bcabd6"},{"name":"Instr: io.qameta.allure.android.runners.AllureAndroidJUnitRunner(796)","children":[{"name":"goToNewsPageByAllNewsTest","uid":"386d2eccb2ed77db","parentUid":"07b2c885612dc7a416ccd90cbe3a4689","status":"broken","time":{"start":1709582844704,"stop":1709582856664,"duration":11960},"flaky":false,"newFailed":false,"newPassed":false,"newBroken":false,"retriesCount":0,"retriesStatusChange":false,"parameters":[],"tags":[]}],"uid":"07b2c885612dc7a416ccd90cbe3a4689"},{"name":"Instr: io.qameta.allure.android.runners.AllureAndroidJUnitRunner(1496)","children":[{"name":"goToAboutPageFromMainTest","uid":"c9cdc4c889b7a885","parentUid":"8fa3baf77d83649052290cf15816be68","status":"passed","time":{"start":1708356311366,"stop":1708356324670,"duration":13304},"flaky":false,"newFailed":false,"newPassed":false,"newBroken":false,"retriesCount":0,"retriesStatusChange":false,"parameters":[],"tags":[]}],"uid":"8fa3baf77d83649052290cf15816be68"},{"name":"Instr: io.qameta.allure.android.runners.AllureAndroidJUnitRunner(1352)","children":[{"name":"appLoginTestIncorrectPassword","uid":"1de30630139783d3","parentUid":"6b26d0323db56447f0ca57d9181077c5","status":"failed","time":{"start":1709545735965,"stop":1709545749280,"duration":13315},"flaky":false,"newFailed":false,"newPassed":false,"newBroken":false,"retriesCount":0,"retriesStatusChange":false,"parameters":[],"tags":[]}],"uid":"6b26d0323db56447f0ca57d9181077c5"},{"name":"Instr: io.qameta.allure.android.runners.AllureAndroidJUnitRunner(1142)","children":[{"name":"addNewsTest","uid":"89af08e260d53953","parentUid":"76744435e4161430370d01c3c4d08f43","status":"passed","time":{"start":1709541460194,"stop":1709541470958,"duration":10764},"flaky":false,"newFailed":false,"newPassed":false,"newBroken":false,"retriesCount":0,"retriesStatusChange":false,"parameters":[],"tags":[]}],"uid":"76744435e4161430370d01c3c4d08f43"},{"name":"Instr: io.qameta.allure.android.runners.AllureAndroidJUnitRunner(1507)","children":[{"name":"appLoginTestIncorrectPassword","uid":"f39f16827bc5416a","parentUid":"dd89059df68540835b0f58d937b63912","status":"failed","time":{"start":1709548698659,"stop":1709548711863,"duration":13204},"flaky":false,"newFailed":false,"newPassed":false,"newBroken":false,"retriesCount":0,"retriesStatusChange":false,"parameters":[],"tags":[]}],"uid":"dd89059df68540835b0f58d937b63912"},{"name":"Instr: io.qameta.allure.android.runners.AllureAndroidJUnitRunner(1337)","children":[{"name":"appLoginTestIncorrectPassword","uid":"d909a791ebea77b8","parentUid":"56a53216769e117049a41536621d213e","status":"failed","time":{"start":1709545607934,"stop":1709545621406,"duration":13472},"flaky":false,"newFailed":false,"newPassed":false,"newBroken":false,"retriesCount":0,"retriesStatusChange":false,"parameters":[],"tags":[]}],"uid":"56a53216769e117049a41536621d213e"},{"name":"Instr: io.qameta.allure.android.runners.AllureAndroidJUnitRunner(671)","children":[{"name":"appLoginTestIncorrectLoginAndPassword","uid":"68beda02d58a08fa","parentUid":"e0f66c5fdf1ce37353723c5204a187b8","status":"passed","time":{"start":1709581436693,"stop":1709581442828,"duration":6135},"flaky":false,"newFailed":false,"newPassed":false,"newBroken":false,"retriesCount":0,"retriesStatusChange":false,"parameters":[],"tags":[]}],"uid":"e0f66c5fdf1ce37353723c5204a187b8"},{"name":"Instr: io.qameta.allure.android.runners.AllureAndroidJUnitRunner(1077)","children":[{"name":"checkNewsDescriptionVisibleTest","uid":"20effef0fe6957c6","parentUid":"ec922cf0081a626caa227e50a257d6a9","status":"broken","time":{"start":1709668503849,"stop":1709668511626,"duration":7777},"flaky":false,"newFailed":false,"newPassed":false,"newBroken":false,"retriesCount":0,"retriesStatusChange":false,"parameters":[],"tags":[]}],"uid":"ec922cf0081a626caa227e50a257d6a9"},{"name":"Instr: io.qameta.allure.android.runners.AllureAndroidJUnitRunner(1432)","children":[{"name":"appLoginTestIncorrectPassword","uid":"79397c26906f0a6a","parentUid":"35a4fd8eb1804b79e0fdb33f483efb28","status":"broken","time":{"start":1709545911349,"stop":1709545921377,"duration":10028},"flaky":false,"newFailed":false,"newPassed":false,"newBroken":false,"retriesCount":0,"retriesStatusChange":false,"parameters":[],"tags":[]},{"name":"goToAboutPageFromMainTest","uid":"8639a17c72ffe54","parentUid":"35a4fd8eb1804b79e0fdb33f483efb28","status":"passed","time":{"start":1708354753387,"stop":1708354765486,"duration":12099},"flaky":false,"newFailed":false,"newPassed":false,"newBroken":false,"retriesCount":0,"retriesStatusChange":false,"parameters":[],"tags":[]}],"uid":"35a4fd8eb1804b79e0fdb33f483efb28"},{"name":"Instr: io.qameta.allure.android.runners.AllureAndroidJUnitRunner(1574)","children":[{"name":"goToAboutPageFromNewsTest","uid":"1f94cef07f0e2155","parentUid":"04a85c08b7f33f95d1f90b8b8c93306c","status":"failed","time":{"start":1708438497764,"stop":1708438506436,"duration":8672},"flaky":false,"newFailed":false,"newPassed":false,"newBroken":false,"retriesCount":0,"retriesStatusChange":false,"parameters":[],"tags":[]},{"name":"addNewsTest","uid":"8c313df7c52cac9f","parentUid":"04a85c08b7f33f95d1f90b8b8c93306c","status":"broken","time":{"start":1708438558358,"stop":1708438567850,"duration":9492},"flaky":false,"newFailed":false,"newPassed":false,"newBroken":false,"retriesCount":0,"retriesStatusChange":false,"parameters":[],"tags":[]},{"name":"initializationError","uid":"4672b413bfa112a0","parentUid":"04a85c08b7f33f95d1f90b8b8c93306c","status":"broken","time":{"start":1708438506498,"stop":1708438506545,"duration":47},"flaky":false,"newFailed":false,"newPassed":false,"newBroken":false,"retriesCount":0,"retriesStatusChange":false,"parameters":[],"tags":[]},{"name":"goToNewsPageTest","uid":"64c2c8c2e28c38ca","parentUid":"04a85c08b7f33f95d1f90b8b8c93306c","status":"failed","time":{"start":1708438542222,"stop":1708438558283,"duration":16061},"flaky":false,"newFailed":false,"newPassed":false,"newBroken":false,"retriesCount":0,"retriesStatusChange":false,"parameters":[],"tags":[]},{"name":"goToAboutPageTest","uid":"627d8142498b91f4","parentUid":"04a85c08b7f33f95d1f90b8b8c93306c","status":"failed","time":{"start":1708438523265,"stop":1708438542156,"duration":18891},"flaky":false,"newFailed":false,"newPassed":false,"newBroken":false,"retriesCount":0,"retriesStatusChange":false,"parameters":[],"tags":[]},{"name":"appLoginTestSuccess","uid":"c621f478e1d91cc1","parentUid":"04a85c08b7f33f95d1f90b8b8c93306c","status":"failed","time":{"start":1708438506647,"stop":1708438523173,"duration":16526},"flaky":false,"newFailed":false,"newPassed":false,"newBroken":false,"retriesCount":0,"retriesStatusChange":false,"parameters":[],"tags":[]},{"name":"goToAboutPageFromMainTest","uid":"dd645079e471c716","parentUid":"04a85c08b7f33f95d1f90b8b8c93306c","status":"failed","time":{"start":1708357802585,"stop":1708438497666,"duration":80695081},"flaky":false,"newFailed":false,"newPassed":false,"newBroken":false,"retriesCount":0,"retriesStatusChange":false,"parameters":[],"tags":[]}],"uid":"04a85c08b7f33f95d1f90b8b8c93306c"},{"name":"Instr: io.qameta.allure.android.runners.AllureAndroidJUnitRunner(1417)","children":[{"name":"appLoginTestIncorrectPassword","uid":"5d1273c66479b89e","parentUid":"f214f9b2461cb6194348a4147cd836fd","status":"broken","time":{"start":1709545872762,"stop":1709545881456,"duration":8694},"flaky":false,"newFailed":false,"newPassed":false,"newBroken":false,"retriesCount":0,"retriesStatusChange":false,"parameters":[],"tags":[]}],"uid":"f214f9b2461cb6194348a4147cd836fd"},{"name":"Instr: io.qameta.allure.android.runners.AllureAndroidJUnitRunner(1132)","children":[{"name":"checkNewsDescriptionVisibleTest","uid":"2c612edc5d8b40a2","parentUid":"026c4498f295c06aa356bc78e75ba5ea","status":"broken","time":{"start":1709669232519,"stop":1709669239449,"duration":6930},"flaky":false,"newFailed":false,"newPassed":false,"newBroken":false,"retriesCount":0,"retriesStatusChange":false,"parameters":[],"tags":[]}],"uid":"026c4498f295c06aa356bc78e75ba5ea"},{"name":"Instr: io.qameta.allure.android.runners.AllureAndroidJUnitRunner(1572)","children":[{"name":"addNewsTest","uid":"eb6cf91aff576515","parentUid":"8ac7b5300c2c9d416d41c43d91895112","status":"passed","time":{"start":1709548948142,"stop":1709548957926,"duration":9784},"flaky":false,"newFailed":false,"newPassed":false,"newBroken":false,"retriesCount":0,"retriesStatusChange":false,"parameters":[],"tags":[]},{"name":"goToAboutPageTest","uid":"839f9e96137551f9","parentUid":"8ac7b5300c2c9d416d41c43d91895112","status":"passed","time":{"start":1709548937863,"stop":1709548941992,"duration":4129},"flaky":false,"newFailed":false,"newPassed":false,"newBroken":false,"retriesCount":0,"retriesStatusChange":false,"parameters":[],"tags":[]},{"name":"appLoginTestSuccess","uid":"29f4640f236cf0f","parentUid":"8ac7b5300c2c9d416d41c43d91895112","status":"passed","time":{"start":1709548932739,"stop":1709548937817,"duration":5078},"flaky":false,"newFailed":false,"newPassed":false,"newBroken":false,"retriesCount":0,"retriesStatusChange":false,"parameters":[],"tags":[]},{"name":"appLoginTestIncorrectPassword","uid":"ca63d1a1992ff2fc","parentUid":"8ac7b5300c2c9d416d41c43d91895112","status":"passed","time":{"start":1709548918998,"stop":1709548932655,"duration":13657},"flaky":false,"newFailed":false,"newPassed":false,"newBroken":false,"retriesCount":0,"retriesStatusChange":false,"parameters":[],"tags":[]},{"name":"goToAboutPageFromMainTest","uid":"c45e475ac1893540","parentUid":"8ac7b5300c2c9d416d41c43d91895112","status":"passed","time":{"start":1709548898821,"stop":1709548906102,"duration":7281},"flaky":false,"newFailed":false,"newPassed":false,"newBroken":false,"retriesCount":0,"retriesStatusChange":false,"parameters":[],"tags":[]},{"name":"goToAboutPageFromNewsTest","uid":"d75f64b3718aa24","parentUid":"8ac7b5300c2c9d416d41c43d91895112","status":"broken","time":{"start":1709548906431,"stop":1709548918953,"duration":12522},"flaky":false,"newFailed":false,"newPassed":false,"newBroken":false,"retriesCount":0,"retriesStatusChange":false,"parameters":[],"tags":[]},{"name":"goToNewsPageTest","uid":"6344ac4c53dfba4a","parentUid":"8ac7b5300c2c9d416d41c43d91895112","status":"passed","time":{"start":1709548942083,"stop":1709548948087,"duration":6004},"flaky":false,"newFailed":false,"newPassed":false,"newBroken":false,"retriesCount":0,"retriesStatusChange":false,"parameters":[],"tags":[]}],"uid":"8ac7b5300c2c9d416d41c43d91895112"},{"name":"Instr: io.qameta.allure.android.runners.AllureAndroidJUnitRunner(792)","children":[{"name":"goToAboutPageFromMainTest","uid":"edf51de10709c780","parentUid":"d4ee18b7a69b678c6656987921a3fa6d","status":"broken","time":{"start":1709533109285,"stop":1709533118699,"duration":9414},"flaky":false,"newFailed":false,"newPassed":false,"newBroken":false,"retriesCount":0,"retriesStatusChange":false,"parameters":[],"tags":[]}],"uid":"d4ee18b7a69b678c6656987921a3fa6d"},{"name":"Instr: io.qameta.allure.android.runners.AllureAndroidJUnitRunner(1402)","children":[{"name":"appLoginTestIncorrectPassword","uid":"f2620a58b5cd26f4","parentUid":"f45d95e94ca5b39a08d5c1517f6fa61e","status":"broken","time":{"start":1709545852341,"stop":1709545863485,"duration":11144},"flaky":false,"newFailed":false,"newPassed":false,"newBroken":false,"retriesCount":0,"retriesStatusChange":false,"parameters":[],"tags":[]}],"uid":"f45d95e94ca5b39a08d5c1517f6fa61e"},{"name":"Instr: io.qameta.allure.android.runners.AllureAndroidJUnitRunner(777)","children":[{"name":"goToAboutPageFromNewsTest","uid":"4bbd33510477137a","parentUid":"fac776067bd234653ba175eb06185674","status":"broken","time":{"start":1709532813462,"stop":1709532822167,"duration":8705},"flaky":false,"newFailed":false,"newPassed":false,"newBroken":false,"retriesCount":0,"retriesStatusChange":false,"parameters":[],"tags":[]},{"name":"goToAboutPageFromMainTest","uid":"28fd13fec106b091","parentUid":"fac776067bd234653ba175eb06185674","status":"broken","time":{"start":1709532803187,"stop":1709532813321,"duration":10134},"flaky":false,"newFailed":false,"newPassed":false,"newBroken":false,"retriesCount":0,"retriesStatusChange":false,"parameters":[],"tags":[]}],"uid":"fac776067bd234653ba175eb06185674"},{"name":"Instr: io.qameta.allure.android.runners.AllureAndroidJUnitRunner(987)","children":[{"name":"goToAboutPageFromMainTest","uid":"3836c35d1408a2a8","parentUid":"3e5c063844a9c98a51568d379da7259d","status":"passed","time":{"start":1709539114696,"stop":1709539124468,"duration":9772},"flaky":false,"newFailed":false,"newPassed":false,"newBroken":false,"retriesCount":0,"retriesStatusChange":false,"parameters":[],"tags":[]}],"uid":"3e5c063844a9c98a51568d379da7259d"},{"name":"Instr: io.qameta.allure.android.runners.AllureAndroidJUnitRunner(1482)","children":[{"name":"appLoginTestIncorrectPassword","uid":"ae9290707515c98b","parentUid":"42a82b0e97d4e5af171ce33ec07351a1","status":"failed","time":{"start":1709548457217,"stop":1709548470586,"duration":13369},"flaky":false,"newFailed":false,"newPassed":false,"newBroken":false,"retriesCount":0,"retriesStatusChange":false,"parameters":[],"tags":[]}],"uid":"42a82b0e97d4e5af171ce33ec07351a1"},{"name":"Instr: io.qameta.allure.android.runners.AllureAndroidJUnitRunner(1367)","children":[{"name":"appLoginTestIncorrectPassword","uid":"7f46a6c9647de8f0","parentUid":"93ed084daa7af908ac2534f40339d238","status":"broken","time":{"start":1709545792044,"stop":1709545800638,"duration":8594},"flaky":false,"newFailed":false,"newPassed":false,"newBroken":false,"retriesCount":0,"retriesStatusChange":false,"parameters":[],"tags":[]}],"uid":"93ed084daa7af908ac2534f40339d238"},{"name":"Instr: io.qameta.allure.android.runners.AllureAndroidJUnitRunner(1028)","children":[{"name":"goToNewsPageByAllNewsTest","uid":"2865163ec67c0ab6","parentUid":"03b4499be0ccd4757884021ace487967","status":"passed","time":{"start":1709667756807,"stop":1709667769474,"duration":12667},"flaky":false,"newFailed":false,"newPassed":false,"newBroken":false,"retriesCount":0,"retriesStatusChange":false,"parameters":[],"tags":[]}],"uid":"03b4499be0ccd4757884021ace487967"},{"name":"Instr: io.qameta.allure.android.runners.AllureAndroidJUnitRunner(315)","children":[{"name":"appLoginTestIncorrectLoginAndPassword","uid":"1707a940a01f8f07","parentUid":"6a55a352f39fb3c3d2870452a530ad6e","status":"passed","time":{"start":1709581184862,"stop":1709581198615,"duration":13753},"flaky":false,"newFailed":false,"newPassed":false,"newBroken":false,"retriesCount":0,"retriesStatusChange":false,"parameters":[],"tags":[]},{"name":"appLoginTestIncorrectPassword","uid":"b3e2c4ae6241dfe2","parentUid":"6a55a352f39fb3c3d2870452a530ad6e","status":"passed","time":{"start":1709581163334,"stop":1709581179327,"duration":15993},"flaky":false,"newFailed":false,"newPassed":false,"newBroken":false,"retriesCount":0,"retriesStatusChange":false,"parameters":[],"tags":[]},{"name":"appLoginTestSuccess","uid":"b78dee06bedb9d4c","parentUid":"6a55a352f39fb3c3d2870452a530ad6e","status":"passed","time":{"start":1709581179841,"stop":1709581184756,"duration":4915},"flaky":false,"newFailed":false,"newPassed":false,"newBroken":false,"retriesCount":0,"retriesStatusChange":false,"parameters":[],"tags":[]}],"uid":"6a55a352f39fb3c3d2870452a530ad6e"},{"name":"Instr: io.qameta.allure.android.runners.AllureAndroidJUnitRunner(1152)","children":[{"name":"checkNewsDescriptionVisibleTest","uid":"563b85421b994096","parentUid":"7d765ba639507576086259ba30670f08","status":"broken","time":{"start":1709669582370,"stop":1709669596526,"duration":14156},"flaky":false,"newFailed":false,"newPassed":false,"newBroken":false,"retriesCount":0,"retriesStatusChange":false,"parameters":[],"tags":[]}],"uid":"7d765ba639507576086259ba30670f08"},{"name":"Instr: io.qameta.allure.android.runners.AllureAndroidJUnitRunner(1522)","children":[{"name":"appLoginTestIncorrectPassword","uid":"f7c6b460cc8579c7","parentUid":"e96b7aaf7d23c2ac893503b037767806","status":"passed","time":{"start":1709548718963,"stop":1709548739682,"duration":20719},"flaky":false,"newFailed":false,"newPassed":false,"newBroken":false,"retriesCount":0,"retriesStatusChange":false,"parameters":[],"tags":[]}],"uid":"e96b7aaf7d23c2ac893503b037767806"},{"name":"Instr: io.qameta.allure.android.runners.AllureAndroidJUnitRunner(827)","children":[{"name":"goToNewsPageByAllNewsTest","uid":"8ace6ab7fc6d42dd","parentUid":"e6c8ced69638c165e850545a19e81e4e","status":"broken","time":{"start":1709582959538,"stop":1709582972884,"duration":13346},"flaky":false,"newFailed":false,"newPassed":false,"newBroken":false,"retriesCount":0,"retriesStatusChange":false,"parameters":[],"tags":[]}],"uid":"e6c8ced69638c165e850545a19e81e4e"},{"name":"Instr: io.qameta.allure.android.runners.AllureAndroidJUnitRunner(1552)","children":[{"name":"goToAboutPageFromMainTest","uid":"f0e15a0ad61ba877","parentUid":"eb7ebf105fff2ff5c097ab54bbe0c3b6","status":"passed","time":{"start":1709548798440,"stop":1709548813760,"duration":15320},"flaky":false,"newFailed":false,"newPassed":false,"newBroken":false,"retriesCount":0,"retriesStatusChange":false,"parameters":[],"tags":[]}],"uid":"eb7ebf105fff2ff5c097ab54bbe0c3b6"},{"name":"Instr: io.qameta.allure.android.runners.AllureAndroidJUnitRunner(1047)","children":[{"name":"checkNewsDescriptionVisibleTest","uid":"d98e7485f36db354","parentUid":"af33a99358ab7a9b813e9bc372f29db0","status":"broken","time":{"start":1709668398880,"stop":1709668426238,"duration":27358},"flaky":false,"newFailed":false,"newPassed":false,"newBroken":false,"retriesCount":0,"retriesStatusChange":false,"parameters":[],"tags":[]}],"uid":"af33a99358ab7a9b813e9bc372f29db0"},{"name":"Instr: io.qameta.allure.android.runners.AllureAndroidJUnitRunner(962)","children":[{"name":"goToAboutPageFromMainTest","uid":"8d889cc2e2e74d4d","parentUid":"f85a4bea0ecb254f78aff2519fbed09c","status":"broken","time":{"start":1709538777740,"stop":1709538806942,"duration":29202},"flaky":false,"newFailed":false,"newPassed":false,"newBroken":false,"retriesCount":0,"retriesStatusChange":false,"parameters":[],"tags":[]}],"uid":"f85a4bea0ecb254f78aff2519fbed09c"},{"name":"Instr: io.qameta.allure.android.runners.AllureAndroidJUnitRunner(686)","children":[{"name":"appLoginTestEmptyLoginAndPassword","uid":"abf9f360de06011d","parentUid":"5b5dba93d5b7a43efc7abb8748c524c4","status":"passed","time":{"start":1709581453296,"stop":1709581460108,"duration":6812},"flaky":false,"newFailed":false,"newPassed":false,"newBroken":false,"retriesCount":0,"retriesStatusChange":false,"parameters":[],"tags":[]}],"uid":"5b5dba93d5b7a43efc7abb8748c524c4"},{"name":"Instr: io.qameta.allure.android.runners.AllureAndroidJUnitRunner(1532)","children":[{"name":"appLoginTestSuccess","uid":"ac982bb4bd0fd130","parentUid":"b0b0a9c2f975116f87a5189c8c381255","status":"passed","time":{"start":1708356813412,"stop":1708356824278,"duration":10866},"flaky":false,"newFailed":false,"newPassed":false,"newBroken":false,"retriesCount":0,"retriesStatusChange":false,"parameters":[],"tags":[]}],"uid":"b0b0a9c2f975116f87a5189c8c381255"},{"name":"Instr: io.qameta.allure.android.runners.AllureAndroidJUnitRunner(1062)","children":[{"name":"checkNewsDescriptionVisibleTest","uid":"75472a5f15f81bf1","parentUid":"27fab5e1a93a024e385078773fd3999c","status":"broken","time":{"start":1709668484476,"stop":1709668491998,"duration":7522},"flaky":false,"newFailed":false,"newPassed":false,"newBroken":false,"retriesCount":0,"retriesStatusChange":false,"parameters":[],"tags":[]}],"uid":"27fab5e1a93a024e385078773fd3999c"},{"name":"Instr: io.qameta.allure.android.runners.AllureAndroidJUnitRunner(842)","children":[{"name":"goToAboutPageFromMainTest","uid":"74d8f879934d6d79","parentUid":"5b59c43a9da466b365ce7ce804d49b5b","status":"broken","time":{"start":1709534110634,"stop":1709534136808,"duration":26174},"flaky":false,"newFailed":false,"newPassed":false,"newBroken":false,"retriesCount":0,"retriesStatusChange":false,"parameters":[],"tags":[]}],"uid":"5b59c43a9da466b365ce7ce804d49b5b"},{"name":"Instr: io.qameta.allure.android.runners.AllureAndroidJUnitRunner(841)","children":[{"name":"goToNewsPageByAllNewsTest","uid":"9047271d45f10856","parentUid":"d946e84c941e640d1fdb9ec85d6e69bd","status":"passed","time":{"start":1709583075536,"stop":1709583082072,"duration":6536},"flaky":false,"newFailed":false,"newPassed":false,"newBroken":false,"retriesCount":0,"retriesStatusChange":false,"parameters":[],"tags":[]}],"uid":"d946e84c941e640d1fdb9ec85d6e69bd"},{"name":"Instr: io.qameta.allure.android.runners.AllureAndroidJUnitRunner(1537)","children":[{"name":"appLoginTestIncorrectPassword","uid":"a111a6b4c149e83c","parentUid":"2e01e433c80dfde09b5f87e24257e0f3","status":"passed","time":{"start":1709548755100,"stop":1709548773300,"duration":18200},"flaky":false,"newFailed":false,"newPassed":false,"newBroken":false,"retriesCount":0,"retriesStatusChange":false,"parameters":[],"tags":[]}],"uid":"2e01e433c80dfde09b5f87e24257e0f3"},{"name":"Instr: io.qameta.allure.android.runners.AllureAndroidJUnitRunner(1237)","children":[{"name":"addNewsTest","uid":"474c71d659657421","parentUid":"9f6aabb24f66a38d8cbfaa50e7d6f312","status":"passed","time":{"start":1709542396996,"stop":1709542411439,"duration":14443},"flaky":false,"newFailed":false,"newPassed":false,"newBroken":false,"retriesCount":0,"retriesStatusChange":false,"parameters":[],"tags":[]}],"uid":"9f6aabb24f66a38d8cbfaa50e7d6f312"},{"name":"Instr: io.qameta.allure.android.runners.AllureAndroidJUnitRunner(781)","children":[{"name":"goToNewsPageByAllNewsTest","uid":"226b25c3ca2cb66c","parentUid":"d8d6fda90386b048fa2696882aaad817","status":"broken","time":{"start":1709582781817,"stop":1709582801308,"duration":19491},"flaky":false,"newFailed":false,"newPassed":false,"newBroken":false,"retriesCount":0,"retriesStatusChange":false,"parameters":[],"tags":[]}],"uid":"d8d6fda90386b048fa2696882aaad817"}],"uid":"be30f600e0434356d35178c8efd2dc81"}],"name":"timeline"}