{"8933f031745b066626f1dfe69c26326e":{"statistic":{"failed":0,"broken":0,"skipped":0,"passed":1,"unknown":0,"total":1},"items":[{"uid":"563dc81161dbbb33","status":"passed","time":{"start":1709670098192,"stop":1709670115091,"duration":16899}}]},"6cf74fb3f628e87fca99f78350d2ad87":{"statistic":{"failed":0,"broken":1,"skipped":0,"passed":0,"unknown":0,"total":1},"items":[{"uid":"cdf8715c678e70d3","status":"broken","statusDetails":"Failed to instantiate test runner class androidx.test.internal.runner.junit4.AndroidJUnit4ClassRunner\n\n","time":{"start":1709541097283,"stop":1709541097308,"duration":25}}]},"25790cef6eadd837d5820ef791154c31":{"statistic":{"failed":0,"broken":0,"skipped":0,"passed":1,"unknown":0,"total":1},"items":[{"uid":"7cfdfe602871f2e3","status":"passed","time":{"start":1709670152207,"stop":1709670157656,"duration":5449}}]},"30619c068fab94efc64ef1c280c66692":{"statistic":{"failed":0,"broken":0,"skipped":0,"passed":1,"unknown":0,"total":1},"items":[{"uid":"398df451aafaf465","status":"passed","time":{"start":1709670115202,"stop":1709670121141,"duration":5939}}]},"4ea8209c6ee2249d539bd52a7c84e5f1":{"statistic":{"failed":0,"broken":0,"skipped":0,"passed":1,"unknown":0,"total":1},"items":[{"uid":"7584f995e6b30cb7","status":"passed","time":{"start":1709670157699,"stop":1709670167325,"duration":9626}}]},"3e73b3e94033f7f9e02216d01e413f9e":{"statistic":{"failed":0,"broken":0,"skipped":0,"passed":1,"unknown":0,"total":1},"items":[{"uid":"fc7ba48fdacc51e2","status":"passed","time":{"start":1709670171637,"stop":1709670182100,"duration":10463}}]},"d3286a5fbfc14c958419cf4f72f3cfaa":{"statistic":{"failed":0,"broken":1,"skipped":0,"passed":0,"unknown":0,"total":1},"items":[{"uid":"cff6d4d8203fbe63","status":"broken","statusDetails":"Error performing 'wait for a specific view with id <2131230741> has been displayed during 6000 millis.' on view 'Animations or transitions are enabled on the target device.\nFor more info check: https://developer.android.com/training/testing/espresso/setup#set-up-environment\n\nview.getRootView() to equal view'.","time":{"start":1709670085624,"stop":1709670098143,"duration":12519}}]},"39c0eb36ac65d71bf712bc905a8f470d":{"statistic":{"failed":0,"broken":0,"skipped":0,"passed":1,"unknown":0,"total":1},"items":[{"uid":"ec1998658f5cec6e","status":"passed","time":{"start":1709670121214,"stop":1709670125853,"duration":4639}}]},"833c5bbfa2f9e69011f46712632bb786":{"statistic":{"failed":0,"broken":0,"skipped":0,"passed":1,"unknown":0,"total":1},"items":[{"uid":"9f7e03774ecaba22","status":"passed","time":{"start":1709670076440,"stop":1709670084355,"duration":7915}}]},"8bcf41c094560e8b700830d9f901b17f":{"statistic":{"failed":0,"broken":0,"skipped":0,"passed":1,"unknown":0,"total":1},"items":[{"uid":"3d40aea9389c2df1","status":"passed","time":{"start":1709670167394,"stop":1709670171574,"duration":4180}}]},"70f0301c5a8285568db7bc2590dc91a8":{"statistic":{"failed":0,"broken":0,"skipped":0,"passed":1,"unknown":0,"total":1},"items":[{"uid":"bce4f5797d6164ef","status":"passed","time":{"start":1709670125920,"stop":1709670139240,"duration":13320}}]},"f86ef097be3d040c35f156cfa25a8eac":{"statistic":{"failed":0,"broken":0,"skipped":0,"passed":1,"unknown":0,"total":1},"items":[{"uid":"7a708ae47718380b","status":"passed","time":{"start":1709670139300,"stop":1709670152134,"duration":12834}}]}}