[{"uid":"cff6d4d8203fbe63","name":"goToAboutPageFromNewsTest","time":{"start":1709670085624,"stop":1709670098143,"duration":12519},"status":"broken","severity":"normal"},{"uid":"7cfdfe602871f2e3","name":"goToNewsPageTest","time":{"start":1709670152207,"stop":1709670157656,"duration":5449},"status":"passed","severity":"normal"},{"uid":"398df451aafaf465","name":"appLoginTestEmptyLoginAndPassword","time":{"start":1709670115202,"stop":1709670121141,"duration":5939},"status":"passed","severity":"normal"},{"uid":"563dc81161dbbb33","name":"appLoginTestIncorrectPassword","time":{"start":1709670098192,"stop":1709670115091,"duration":16899},"status":"passed","severity":"normal"},{"uid":"ec1998658f5cec6e","name":"appLoginTestSuccess","time":{"start":1709670121214,"stop":1709670125853,"duration":4639},"status":"passed","severity":"normal"},{"uid":"fc7ba48fdacc51e2","name":"addNewsTest","time":{"start":1709670171637,"stop":1709670182100,"duration":10463},"status":"passed","severity":"normal"},{"uid":"7a708ae47718380b","name":"goToAboutPageTest","time":{"start":1709670139300,"stop":1709670152134,"duration":12834},"status":"passed","severity":"normal"},{"uid":"7584f995e6b30cb7","name":"checkNewsDescriptionVisibleTest","time":{"start":1709670157699,"stop":1709670167325,"duration":9626},"status":"passed","severity":"normal"},{"uid":"9f7e03774ecaba22","name":"goToAboutPageFromMainTest","time":{"start":1709670076440,"stop":1709670084355,"duration":7915},"status":"passed","severity":"normal"},{"uid":"cdf8715c678e70d3","name":"initializationError","time":{"start":1709541097283,"stop":1709541097308,"duration":25},"status":"broken","severity":"normal"},{"uid":"bce4f5797d6164ef","name":"appLoginTestIncorrectLoginAndPassword","time":{"start":1709670125920,"stop":1709670139240,"duration":13320},"status":"passed","severity":"normal"},{"uid":"3d40aea9389c2df1","name":"goToNewsPageByAllNewsTest","time":{"start":1709670167394,"stop":1709670171574,"duration":4180},"status":"passed","severity":"normal"}]