{"total":5,"items":[{"uid":"109949f2acb52150ec659dd371c1cc4e","name":"ru.iteco.fmhandroid.test.AboutTest","statistic":{"failed":0,"broken":1,"skipped":0,"passed":1,"unknown":0,"total":2}},{"uid":"2269f444be8071454596becfe0c3c0d6","name":"ru.iteco.fmhandroid.test.BaseTest","statistic":{"failed":0,"broken":1,"skipped":0,"passed":0,"unknown":0,"total":1}},{"uid":"9bc741a187af8cef78bf4e2fb400ace0","name":"ru.iteco.fmhandroid.test.LoginTest","statistic":{"failed":0,"broken":0,"skipped":0,"passed":4,"unknown":0,"total":4}},{"uid":"051524f1ad9dd7ecb0014b0c6dfe84ad","name":"ru.iteco.fmhandroid.test.NewsTest","statistic":{"failed":0,"broken":0,"skipped":0,"passed":4,"unknown":0,"total":4}},{"uid":"99ee7704031da3b9aa82b886a0103196","name":"ru.iteco.fmhandroid.test.MissionTest","statistic":{"failed":0,"broken":0,"skipped":0,"passed":1,"unknown":0,"total":1}}]}